{
  "resourceType" : "ValueSet",
  "id" : "af948cb9-2994-4bef-b5bb-ab1ad847be34-74",
  "url" : "http://hl7.org/fhir/comparison/ValueSet/af948cb9-2994-4bef-b5bb-ab1ad847be34-74",
  "name" : "UnionConditionStageAndConditionStage",
  "title" : "Union of Condition Stage And Condition Stage",
  "status" : "draft",
  "date" : "2026-02-11T21:11:46+00:00",
  "compose" : {
    "include" : [{
      "filter" : [{
        "property" : "concept",
        "op" : "is-a",
        "value" : "385356007"
      }]
    }]
  }
}