<?xml version="1.0" encoding="UTF-8"?><ValueSet xmlns="http://hl7.org/fhir"><id value="be-vs-problem-code"/><text><status value="generated"/><div xmlns="http://www.w3.org/1999/xhtml"><p class="res-header-id"><b>Generated Narrative: ValueSet be-vs-problem-code</b></p><a name="be-vs-problem-code"> </a><a name="hcbe-vs-problem-code"> </a><p>This value set includes codes based on the following rules:</p><ul/></div></text><extension url="http://hl7.org/fhir/StructureDefinition/structuredefinition-fmm"><valueInteger value="1"/></extension><url value="https://www.ehealth.fgov.be/standards/fhir/core-clinical/ValueSet/be-vs-problem-code"/><version value="1.0.1"/><name value="BeVSProblemCode"/><title value="Problem Code"/><status value="active"/><experimental value="false"/><date value="2021-01-10T10:59:49+00:00"/><publisher value="eHealth Platform"/><contact><name value="eHealth Platform"/><telecom><system value="url"/><value value="https://www.ehealth.fgov.be"/></telecom><telecom><system value="email"/><value value="message-structure@www.ehealth.fgov.be"/></telecom></contact><contact><name value="Message-Structure"/><telecom><system value="email"/><value value="message-structure@www.ehealth.fgov.be"/><use value="work"/></telecom></contact><description value="Problem Code. No Belgian standardized valueset is yet defined, this is expected   for a future iteration. Implementers are encouraged to use a codification system of their choosing."/><jurisdiction><coding><system value="urn:iso:std:iso:3166"/><code value="BE"/><display value="Belgium"/></coding></jurisdiction></ValueSet>