{
  "resourceType" : "ValueSet",
  "id" : "be-vs-score",
  "text" : {
    "status" : "generated",
    "div" : "<div xmlns=\"http://www.w3.org/1999/xhtml\"><p class=\"res-header-id\"><b>Generated Narrative: ValueSet be-vs-score</b></p><a name=\"be-vs-score\"> </a><a name=\"hcbe-vs-score\"> </a><p>This value set includes codes based on the following rules:</p><ul><li>Include these codes as defined in <a href=\"http://www.snomed.org/\"><code>http://snomed.info/sct</code></a><span title=\"Version is not explicitly stated. No matching Code System found\"> version Not Stated (use latest from terminology server)</span><table class=\"none\"><tr><td style=\"white-space:nowrap\"><b>Code</b></td><td><b>Display</b></td><td><b>Fully specified name</b></td><td><b>English (English, en)</b></td><td><b>French (Belgium) (fr)</b></td></tr><tr><td><a href=\"http://snomed.info/id/763117005\">763117005</a></td><td>FINDRISC (Finnish Diabetes Risk Score) score</td><td>Finnish Diabetes Risk Score (observable entity)</td><td>Finnish Diabetes Risk Score</td><td>Finnish Diabetes Risk Score</td></tr><tr><td><a href=\"http://snomed.info/id/446661009\">446661009</a></td><td>Visual Analogic Scale for pain assessment</td><td/><td/><td>(EVA) Echelle Visuelle Analogique</td></tr><tr><td><a href=\"http://snomed.info/id/273531005\">273531005</a></td><td>Index of Independence in Activities of Daily Living</td><td/><td/><td>Grille d'évaluation de l'autonomie pour les activités basales de la vie quotidienne</td></tr><tr><td><a href=\"http://snomed.info/id/447316007\">447316007</a></td><td>Mini-Mental State Examination</td><td/><td/><td>Examen mental de Folstein</td></tr><tr><td><a href=\"http://snomed.info/id/444297006\">444297006</a></td><td>Malnutrition Universal Screening</td><td/><td/><td>Malnutrition Universal Screening</td></tr><tr><td><a href=\"http://snomed.info/id/443133008\">443133008</a></td><td>Norton Pressure Sore Risk-Assessment Scale Scoring System</td><td/><td/><td>évaluation du risque d'escarre</td></tr><tr><td><a href=\"http://snomed.info/id/7121000122100\">7121000122100</a></td><td>Pain Assessment in Advanced Dementia Scale</td><td/><td/><td>Hétéro-évaluation de la douleur chez la personne âgée non communicante</td></tr><tr><td><a href=\"http://snomed.info/id/273849003\">273849003</a></td><td>Subjective Global Assessment</td><td/><td/><td>Subjective Global Assessment</td></tr><tr><td><a href=\"http://snomed.info/id/450738001\">450738001</a></td><td>Timed Chair Stand</td><td/><td/><td>évaluation des risques de chutes et la force musculaire des membres inférieurs</td></tr><tr><td><a href=\"http://snomed.info/id/444680009\">444680009</a></td><td>Timed Up&amp;Go : évalue le risque de chute chez une personne</td><td/><td/><td>Timed Up&amp;Go : évalue le risque de chute chez une personne</td></tr><tr><td><a href=\"http://snomed.info/id/278897004\">278897004</a></td><td>Waterlow pressure ulcer risk assessment</td><td/><td/><td>(WATERLOW) Echelle d'évaluation du risque d'escarre</td></tr><tr><td><a href=\"http://snomed.info/id/763259004\">763259004</a></td><td>Disease Activity Score</td><td/><td/><td>(DAS) Score d'activité de la polyarthrite rhumatoïde</td></tr><tr><td><a href=\"http://snomed.info/id/273364009\">273364009</a></td><td>Clinical Disease Activity Index</td><td/><td/><td>(CDAI) Indice d'activité de la polyarthrite rhumatoïde</td></tr><tr><td><a href=\"http://snomed.info/id/443318007\">443318007</a></td><td>Tinetti balance and gait scale</td><td/><td/><td>évalue le risque de chute chez une personne âgée</td></tr><tr><td><a href=\"http://snomed.info/id/719124004\">719124004</a></td><td>Arthritis Impact Measurement Scales 2 (AIMS2)</td><td/><td/><td>(EMIR) Echelle de Mesure de l'Impact de la Polyarthrite Rhumatoïde</td></tr></table></li><li>Include all codes defined in <a href=\"CodeSystem-be-cs-score.html\"><code>https://www.ehealth.fgov.be/standards/fhir/core-clinical/CodeSystem/be-cs-score</code></a><span title=\"Version is not explicitly stated, which means it is fixed to the version provided in this specification\"> version &#x1F4E6;1.0.1</span></li></ul></div>"
  },
  "extension" : [{
    "url" : "http://hl7.org/fhir/StructureDefinition/structuredefinition-fmm",
    "valueInteger" : 1
  }],
  "url" : "https://www.ehealth.fgov.be/standards/fhir/core-clinical/ValueSet/be-vs-score",
  "version" : "1.0.1",
  "name" : "BeVSScore",
  "title" : "Score Value Set",
  "status" : "active",
  "experimental" : false,
  "date" : "2020-10-01T11:01:09+00:00",
  "publisher" : "eHealth Platform",
  "contact" : [{
    "name" : "eHealth Platform",
    "telecom" : [{
      "system" : "url",
      "value" : "https://www.ehealth.fgov.be"
    },
    {
      "system" : "email",
      "value" : "message-structure@www.ehealth.fgov.be"
    }]
  },
  {
    "name" : "Message-Structure",
    "telecom" : [{
      "system" : "email",
      "value" : "message-structure@www.ehealth.fgov.be",
      "use" : "work"
    }]
  }],
  "description" : "Codes as defined by the NIHDI. Dutch translations are expected for a next release.",
  "jurisdiction" : [{
    "coding" : [{
      "system" : "urn:iso:std:iso:3166",
      "code" : "BE",
      "display" : "Belgium"
    }]
  }],
  "compose" : {
    "include" : [{
      "system" : "http://snomed.info/sct",
      "concept" : [{
        "code" : "763117005",
        "display" : "FINDRISC (Finnish Diabetes Risk Score) score",
        "designation" : [{
          "use" : {
            "system" : "http://snomed.info/sct",
            "code" : "900000000000003001",
            "display" : "Fully specified name"
          },
          "value" : "Finnish Diabetes Risk Score (observable entity)"
        },
        {
          "language" : "en",
          "value" : "Finnish Diabetes Risk Score"
        },
        {
          "language" : "fr-BE",
          "value" : "Finnish Diabetes Risk Score"
        }]
      },
      {
        "code" : "446661009",
        "display" : "Visual Analogic Scale for pain assessment",
        "designation" : [{
          "language" : "fr-BE",
          "value" : "(EVA) Echelle Visuelle Analogique"
        }]
      },
      {
        "code" : "273531005",
        "display" : "Index of Independence in Activities of Daily Living",
        "designation" : [{
          "language" : "fr-BE",
          "value" : "Grille d'évaluation de l'autonomie pour les activités basales de la vie quotidienne"
        }]
      },
      {
        "code" : "447316007",
        "display" : "Mini-Mental State Examination",
        "designation" : [{
          "language" : "fr-BE",
          "value" : "Examen mental de Folstein"
        }]
      },
      {
        "code" : "444297006",
        "display" : "Malnutrition Universal Screening",
        "designation" : [{
          "language" : "fr-BE",
          "value" : "Malnutrition Universal Screening"
        }]
      },
      {
        "code" : "443133008",
        "display" : "Norton Pressure Sore Risk-Assessment Scale Scoring System",
        "designation" : [{
          "language" : "fr-BE",
          "value" : "évaluation du risque d'escarre"
        }]
      },
      {
        "code" : "7121000122100",
        "display" : "Pain Assessment in Advanced Dementia Scale",
        "designation" : [{
          "language" : "fr-BE",
          "value" : "Hétéro-évaluation de la douleur chez la personne âgée non communicante"
        }]
      },
      {
        "code" : "273849003",
        "display" : "Subjective Global Assessment",
        "designation" : [{
          "language" : "fr-BE",
          "value" : "Subjective Global Assessment"
        }]
      },
      {
        "code" : "450738001",
        "display" : "Timed Chair Stand",
        "designation" : [{
          "language" : "fr-BE",
          "value" : "évaluation des risques de chutes et la force musculaire des membres inférieurs"
        }]
      },
      {
        "code" : "444680009",
        "display" : "Timed Up&Go : évalue le risque de chute chez une personne",
        "designation" : [{
          "language" : "fr-BE",
          "value" : "Timed Up&Go : évalue le risque de chute chez une personne"
        }]
      },
      {
        "code" : "278897004",
        "display" : "Waterlow pressure ulcer risk assessment",
        "designation" : [{
          "language" : "fr-BE",
          "value" : "(WATERLOW) Echelle d'évaluation du risque d'escarre"
        }]
      },
      {
        "code" : "763259004",
        "display" : "Disease Activity Score",
        "designation" : [{
          "language" : "fr-BE",
          "value" : "(DAS) Score d'activité de la polyarthrite rhumatoïde"
        }]
      },
      {
        "code" : "273364009",
        "display" : "Clinical Disease Activity Index",
        "designation" : [{
          "language" : "fr-BE",
          "value" : "(CDAI) Indice d'activité de la polyarthrite rhumatoïde"
        }]
      },
      {
        "code" : "443318007",
        "display" : "Tinetti balance and gait scale",
        "designation" : [{
          "language" : "fr-BE",
          "value" : "évalue le risque de chute chez une personne âgée"
        }]
      },
      {
        "code" : "719124004",
        "display" : "Arthritis Impact Measurement Scales 2 (AIMS2)",
        "designation" : [{
          "language" : "fr-BE",
          "value" : "(EMIR) Echelle de Mesure de l'Impact de la Polyarthrite Rhumatoïde"
        }]
      }]
    },
    {
      "system" : "https://www.ehealth.fgov.be/standards/fhir/core-clinical/CodeSystem/be-cs-score"
    }]
  }
}