Source File	Size	loadResources	load	generateSnapshots	load-configure	scan	loadDepInfo	loadInfo	checkR4R4B	generateNarratives	validate	loadLists	checkConformanceResources	checkConformanceResources2	checkConformanceResources3	generateLogicalMaps	validateExpressions	scanForUsageStats	checkURLsUnique	processProvenanceDetails	translate	generate1	generate2	generateLogicals	makeDependencies	generateExampleZip	generateValidationPack	scanProfilesForR5	scanExamplesForR5
/fsh-generated/resources/ImplementationGuide-hl7.fhir.be.core-clinical.json	15169	-	0	0	0	0	0	0	10	57	0	0	0	0	0	0	0	1	0	0	0	183	221	0	0	0	5	0	1
fsh-generated/resources/CodeSystem-be-cs-bodysite.json	636	2	0	0	2	0	0	1	1	6	0	0	0	0	0	0	0	0	0	0	0	20	99	0	0	0	1	0	0
fsh-generated/resources/CodeSystem-be-cs-problem-category.json	3742	2	0	0	0	0	0	0	0	6	0	0	0	0	0	0	0	0	0	0	0	30	121	0	0	0	1	0	0
fsh-generated/resources/CodeSystem-be-cs-problem-origin-type.json	2581	1	0	0	0	0	0	0	1	4	0	0	0	0	0	0	0	0	0	0	0	21	97	0	0	0	0	0	0
fsh-generated/resources/CodeSystem-be-cs-score-category.json	2022	2	0	0	0	0	0	0	0	3	0	0	0	0	0	0	0	0	0	0	0	20	74	0	0	0	0	0	0
fsh-generated/resources/CodeSystem-be-cs-score.json	6491	2	0	0	0	0	0	0	2	5	0	0	0	0	0	0	0	0	0	0	0	37	84	0	0	0	1	0	0
fsh-generated/resources/StructureDefinition-BeModelBodySite.json	2045	1	0	7	0	0	0	0	0	60	0	0	1	0	0	0	0	0	0	0	0	46	673	0	0	0	1	0	0
fsh-generated/resources/StructureDefinition-BeModelClinicalObservation.json	10629	2	0	16	0	0	0	0	0	27	0	0	0	0	0	0	0	0	0	0	0	166	379	0	0	0	4	0	1
fsh-generated/resources/StructureDefinition-BeModelDevice.json	9738	3	0	21	0	0	0	0	0	28	0	0	0	0	0	0	0	1	0	0	0	145	340	0	0	0	4	0	0
fsh-generated/resources/StructureDefinition-BeModelDeviceUseStatement.json	8360	1	0	16	0	0	0	0	0	267	0	0	0	0	0	0	0	0	0	0	0	106	251	0	1	0	2	0	0
fsh-generated/resources/StructureDefinition-BeModelProblem.json	10138	3	0	18	0	0	0	0	0	18	0	0	0	0	0	0	0	0	0	0	0	140	280	0	0	0	3	0	0
fsh-generated/resources/StructureDefinition-BeModelProcedure.json	12330	2	0	14	0	0	0	0	0	13	0	0	0	0	0	0	0	1	0	0	0	134	239	0	0	0	3	0	1
fsh-generated/resources/StructureDefinition-be-clinical-observation.json	6415	1	0	55	1	0	0	0	1	25	0	0	0	0	0	0	0	0	0	0	0	263	2818	0	0	0	8	0	1
fsh-generated/resources/StructureDefinition-be-device-use-statement.json	5004	2	0	22	0	0	0	0	0	13	0	0	0	0	0	0	0	0	0	0	0	139	379	0	0	0	4	0	0
fsh-generated/resources/StructureDefinition-be-device.json	3316	2	0	35	0	0	0	0	0	15	0	0	1	0	0	0	0	1	0	0	0	202	544	0	0	0	7	1	1
fsh-generated/resources/StructureDefinition-be-ext-body-topography.json	2081	1	0	5	0	0	0	0	0	5	0	0	0	0	0	0	0	0	0	0	0	39	189	0	0	0	2	0	0
fsh-generated/resources/StructureDefinition-be-ext-laterality.json	2179	0	0	4	0	0	0	0	0	5	0	0	0	0	0	0	0	0	0	0	0	38	172	0	0	0	1	0	0
fsh-generated/resources/StructureDefinition-be-ext-problem-origin-type.json	1841	1	0	5	0	0	0	0	0	6	0	0	0	0	0	0	0	0	0	0	0	44	174	0	0	0	1	0	0
fsh-generated/resources/StructureDefinition-be-ext-surgical-approach.json	1363	1	0	5	0	0	0	0	0	4	0	0	0	0	0	0	0	0	0	0	0	35	162	0	0	0	1	0	0
fsh-generated/resources/StructureDefinition-be-observation.json	4627	1	0	34	0	0	0	0	1	15	0	0	0	0	0	0	0	1	0	0	0	170	424	0	0	0	7	0	1
fsh-generated/resources/StructureDefinition-be-observationcodeableconcept.json	2296	1	0	9	0	0	0	0	0	17	0	0	0	0	0	0	0	0	0	0	0	92	222	0	0	0	2	0	0
fsh-generated/resources/StructureDefinition-be-problem.json	6443	2	0	26	0	0	0	0	0	24	0	0	0	0	0	0	0	0	0	0	0	214	607	0	0	0	7	0	0
fsh-generated/resources/StructureDefinition-be-procedure.json	7418	2	0	28	0	0	0	0	0	19	0	0	0	0	0	0	0	1	0	0	0	239	444	0	0	0	9	0	1
fsh-generated/resources/StructureDefinition-be-scoreresult.json	6029	2	0	33	0	0	0	0	0	17	0	0	0	0	0	0	0	1	0	0	0	221	730	0	0	0	13	0	1
fsh-generated/resources/ValueSet-DeviceStatusReasonVS.json	572	0	0	0	1	0	0	0	1	458	0	0	0	0	0	0	0	0	0	0	0	11	85	0	0	0	1	0	0
fsh-generated/resources/ValueSet-DeviceStatusVS.json	919	1	0	0	0	0	0	0	0	10	0	0	0	0	0	0	0	0	0	0	0	10	68	0	0	0	1	0	0
fsh-generated/resources/ValueSet-DeviceTypeVS.json	641	1	0	0	0	0	0	0	0	1847	0	0	0	0	0	0	0	0	0	0	0	8	1301	0	0	0	0	0	0
fsh-generated/resources/ValueSet-ProblemCategoryVS.json	296	0	0	0	0	0	0	0	1	1	0	0	0	0	0	0	0	0	0	0	0	7	50	0	0	0	0	0	0
fsh-generated/resources/ValueSet-ProblemCodeVS.json	276	1	0	0	0	0	0	0	0	1	0	0	0	0	0	0	0	0	0	0	0	7	47	0	0	0	0	0	0
fsh-generated/resources/ValueSet-ProblemDiseaseCourseVS.json	571	0	0	0	0	0	0	0	0	146	0	0	0	0	0	0	0	0	0	0	0	8	206	0	0	0	1	0	0
fsh-generated/resources/ValueSet-be-vs-body-topography.json	927	1	0	0	0	0	0	0	1	144	0	0	0	0	0	0	0	0	0	0	0	9	213	0	0	0	0	0	0
fsh-generated/resources/ValueSet-be-vs-bodysite.json	662	0	0	0	0	0	0	0	0	145	0	0	0	0	0	0	0	0	0	0	0	7	340	0	0	0	0	0	0
fsh-generated/resources/ValueSet-be-vs-laterality.json	684	1	0	0	0	0	0	0	1	186	0	0	0	0	0	0	0	0	0	0	0	8	211	0	0	0	1	0	0
fsh-generated/resources/ValueSet-be-vs-problem-category.json	592	1	0	0	0	0	0	0	0	1	0	0	0	0	0	0	0	0	0	0	0	8	57	0	0	0	0	0	0
fsh-generated/resources/ValueSet-be-vs-problem-code.json	393	0	0	0	0	0	0	0	0	1	0	0	0	0	0	0	0	0	0	0	0	6	50	0	0	0	0	0	0
fsh-generated/resources/ValueSet-be-vs-problem-origin-type.json	510	1	0	0	0	0	0	0	0	1	0	0	0	0	0	0	0	0	0	0	0	8	59	0	0	0	0	0	0
fsh-generated/resources/ValueSet-be-vs-reaction-manifestation-code.json	2525	0	0	0	0	0	0	0	2	163	0	0	0	0	0	0	0	0	0	0	0	15	230	0	0	0	1	0	0
fsh-generated/resources/ValueSet-be-vs-score.json	5964	2	0	0	0	0	0	0	1	152	0	0	0	0	0	0	0	0	0	0	0	25	78	0	0	0	1	0	0
fsh-generated/resources/ValueSet-be-vs-scorecategory.json	1242	0	0	0	0	0	0	0	1	2	0	0	0	0	0	0	0	0	0	0	0	12	48	0	0	0	0	0	0
fsh-generated/resources/ValueSet-be-vs-severity.json	783	1	0	0	0	0	0	0	0	145	0	0	0	0	0	0	0	0	0	0	0	10	45	0	0	0	0	0	0
/input/includes/dmn.css	838	-	-	-	0	0	0	0	0	0	0	0	0	0	0	0	0	0	0	0	0	0	1	0	0	0	0	0	0
/input/includes/menu.xml_bla	919	-	-	-	0	0	0	0	0	0	0	0	0	0	0	0	0	0	0	0	0	0	0	0	0	0	0	0	0
/input/includes/dmn2html.xslt	6208	-	-	-	0	0	0	0	0	0	0	0	0	0	0	0	0	0	0	0	0	0	0	0	0	0	0	0	0
/fsh-generated/includes/menu.xml	1606	-	-	-	0	0	0	0	0	0	0	0	0	0	0	0	0	0	0	0	0	0	1	0	0	0	0	0	0
/fsh-generated/includes/fsh-link-references.md	2314	-	-	-	0	0	0	0	0	0	0	0	0	0	0	0	0	0	0	0	0	0	0	0	0	0	0	0	0
/input/data/features.yml	56	-	-	-	0	0	0	0	0	0	0	0	0	0	0	0	0	0	0	0	0	0	1	0	0	0	0	0	0
/input/pagecontent/StructureDefinition-BeModelDeviceUseStatement-intro.md	193	-	-	-	0	0	0	0	0	0	0	0	0	0	0	0	0	0	0	0	0	0	0	0	0	0	0	0	0
/input/pagecontent/spec.md	56	-	-	-	0	0	0	0	0	0	0	0	0	0	0	0	0	0	0	0	0	0	0	0	0	0	0	0	0
/input/pagecontent/StructureDefinition-be-observation-intro.md	249	-	-	-	0	0	0	0	0	0	0	0	0	0	0	0	0	0	0	0	0	0	0	0	0	0	0	0	0
/input/pagecontent/guidance.xml	523	-	-	-	0	0	0	0	0	0	0	0	0	0	0	0	0	0	0	0	0	0	46	0	0	0	0	0	0
/input/pagecontent/changes.xml	812	-	-	-	0	0	0	0	0	0	0	0	0	0	0	0	0	0	0	0	0	0	50	0	0	0	1	0	0
/input/pagecontent/downloads.md	1184	-	-	-	0	0	0	0	0	0	0	0	0	0	0	0	0	0	0	0	0	0	1	0	0	0	0	0	0
/input/pagecontent/CodeSystem-be-cs-bodysite-intro.md	102	-	-	-	0	0	0	0	0	0	0	0	0	0	0	0	0	0	0	0	0	0	0	0	0	0	0	0	0
/input/pagecontent/StructureDefinition-BeModelDevice-intro.md	179	-	-	-	0	0	0	0	0	0	0	0	0	0	0	0	0	0	0	0	0	0	0	0	0	0	0	0	0
/input/pagecontent/index.md	2286	-	-	-	0	0	0	0	0	0	0	0	0	0	0	0	0	0	0	0	0	0	1	0	0	0	0	0	0
/template/config	0	-	-	-	0	0	0	0	0	0	0	0	0	0	0	0	0	0	0	0	0	0	0	0	0	0	0	0	0
/template/config/_config.yml	46	-	-	-	0	0	0	0	0	0	0	0	0	0	0	0	0	0	0	0	0	0	0	0	0	0	0	0	0
/input/images	0	-	-	-	0	0	0	0	0	0	0	0	0	0	0	0	0	0	0	0	0	0	0	0	0	0	0	0	0
/temp/pages/_includes/artifacts.xml	25581	-	-	-	-	-	-	-	-	-	-	-	-	-	-	-	-	-	-	-	-	-	3	0	0	0	0	0	0
